"IoTHub_ConnectionDeviceId","avg_temp","avg_windspeed"
"549E1827",18.284582143558204,6.5331402718161984
